target,method,rank,feature,resi_i,resi_j,importance
z0,lgbm_gain,1,d_499_641,499,641,549.9730635564774
z0,lgbm_gain,2,d_499_575,499,575,172.10933783953078
z0,lgbm_gain,3,d_499_578,499,578,148.4616499033291
z0,lgbm_gain,4,d_560_632,560,632,71.32318068121094
z0,lgbm_gain,5,d_499_640,499,640,54.61024871747941
z0,lgbm_gain,6,d_512_708,512,708,52.33333969116211
z0,lgbm_gain,7,d_503_574,503,574,45.6959581412375
z0,lgbm_gain,8,d_581_633,581,633,40.19241225719452
z0,lgbm_gain,9,d_574_579,574,579,35.63890684884973
z0,lgbm_gain,10,d_575_633,575,633,24.167788921156895
z0,lgbm_shap_meanabs,1,d_499_641,499,641,0.0400783970127969
z0,lgbm_shap_meanabs,2,d_499_578,499,578,0.0156168358722731
z0,lgbm_shap_meanabs,3,d_560_632,560,632,0.0149700099825528
z0,lgbm_shap_meanabs,4,d_503_574,503,574,0.0126369066713088
z0,lgbm_shap_meanabs,5,d_499_575,499,575,0.0100114463780971
z0,lgbm_shap_meanabs,6,d_575_633,575,633,0.0078759080457567
z0,lgbm_shap_meanabs,7,d_473_565,473,565,0.0062230325009439
z0,lgbm_shap_meanabs,8,d_581_633,581,633,0.0057282731236226
z0,lgbm_shap_meanabs,9,d_512_708,512,708,0.0056535714566242
z0,lgbm_shap_meanabs,10,d_574_579,574,579,0.0053611357713549
z0,lgbm_permutation,1,d_499_641,499,641,0.054886879423489
z0,lgbm_permutation,2,d_560_632,560,632,0.0198697411574523
z0,lgbm_permutation,3,d_581_633,581,633,0.016373070069965
z0,lgbm_permutation,4,d_499_578,499,578,0.0114245784043494
z0,lgbm_permutation,5,d_503_574,503,574,0.0091148219076002
z0,lgbm_permutation,6,d_575_633,575,633,0.0059491092435268
z0,lgbm_permutation,7,d_512_708,512,708,0.0056612579369951
z0,lgbm_permutation,8,d_500_578,500,578,0.0053505195483568
z0,lgbm_permutation,9,d_473_565,473,565,0.0051485759344604
z0,lgbm_permutation,10,d_499_575,499,575,0.0051062973314559
z0,rf_impurity,1,d_499_641,499,641,0.36270618147056
z0,rf_impurity,2,d_512_708,512,708,0.0478101627191198
z0,rf_impurity,3,d_560_632,560,632,0.0435617759207491
z0,rf_impurity,4,d_581_633,581,633,0.0127740402094617
z0,rf_impurity,5,d_574_579,574,579,0.0120653635951533
z0,rf_impurity,6,d_573_634,573,634,0.0117787183296526
z0,rf_impurity,7,d_530_583,530,583,0.0092716148996635
z0,rf_impurity,8,d_499_575,499,575,0.0091273512104317
z0,rf_impurity,9,d_564_575,564,575,0.0065207360318406
z0,rf_impurity,10,d_578_648,578,648,0.0064972336854881
z1,lgbm_gain,1,d_633_702,633,702,232.7329477905296
z1,lgbm_gain,2,d_574_633,574,633,127.24268031399696
z1,lgbm_gain,3,d_519_632,519,632,93.85696228872985
z1,lgbm_gain,4,d_633_701,633,701,80.21499269362539
z1,lgbm_gain,5,d_500_648,500,648,76.23975503444672
z1,lgbm_gain,6,d_525_577,525,577,68.97885179519653
z1,lgbm_gain,7,d_564_590,564,590,56.5467549841851
z1,lgbm_gain,8,d_500_582,500,582,44.58405113220215
z1,lgbm_gain,9,d_553_574,553,574,40.536038793157786
z1,lgbm_gain,10,d_519_638,519,638,39.00820159912109
z1,lgbm_shap_meanabs,1,d_574_633,574,633,0.0208671365427483
z1,lgbm_shap_meanabs,2,d_564_590,564,590,0.0093322954344597
z1,lgbm_shap_meanabs,3,d_519_632,519,632,0.0091675916593883
z1,lgbm_shap_meanabs,4,d_633_702,633,702,0.0083537351141025
z1,lgbm_shap_meanabs,5,d_500_648,500,648,0.0074153447919095
z1,lgbm_shap_meanabs,6,d_500_582,500,582,0.0066194793464295
z1,lgbm_shap_meanabs,7,d_525_577,525,577,0.0056452841429024
z1,lgbm_shap_meanabs,8,d_633_701,633,701,0.0051818649457695
z1,lgbm_shap_meanabs,9,d_512_564,512,564,0.0046673488980695
z1,lgbm_shap_meanabs,10,d_573_632,573,632,0.004503520757307
z1,lgbm_permutation,1,d_633_702,633,702,0.0378560175466606
z1,lgbm_permutation,2,d_574_633,574,633,0.0207908736537334
z1,lgbm_permutation,3,d_633_701,633,701,0.0149157218253729
z1,lgbm_permutation,4,d_519_632,519,632,0.0110912923267442
z1,lgbm_permutation,5,d_551_692,551,692,0.0085197972888951
z1,lgbm_permutation,6,d_500_648,500,648,0.0081622106657237
z1,lgbm_permutation,7,d_500_582,500,582,0.0060247945443784
z1,lgbm_permutation,8,d_553_640,553,640,0.0055446367073243
z1,lgbm_permutation,9,d_564_590,564,590,0.005369715052638
z1,lgbm_permutation,10,d_510_632,510,632,0.0049322720326344
z1,rf_impurity,1,d_525_577,525,577,0.059509206526206
z1,rf_impurity,2,d_633_702,633,702,0.0590580910390304
z1,rf_impurity,3,d_574_633,574,633,0.0584147096877213
z1,rf_impurity,4,d_500_648,500,648,0.0299951439875662
z1,rf_impurity,5,d_553_639,553,639,0.0258217563685854
z1,rf_impurity,6,d_573_632,573,632,0.0238615758793418
z1,rf_impurity,7,d_633_701,633,701,0.0205108371352513
z1,rf_impurity,8,d_633_705,633,705,0.0203699602628164
z1,rf_impurity,9,d_527_577,527,577,0.0199152470801704
z1,rf_impurity,10,d_519_577,519,577,0.0184412321487028
