seed,axis,raw_top5,aligned_top5
25,z0,499-641 575-701 581-633 473-565 633-701,499-641 575-701 581-633 473-565 633-701
25,z1,525-577 573-632 633-702 500-648 551-692,525-577 573-632 633-702 500-648 551-692
101,z0,499-641 575-701 633-701 499-577 633-702,499-641 633-701 581-633 551-573 564-575
101,z1,516-527 509-632 649-685 564-580 564-590,558-632 525-637 573-632 633-701 529-632
202,z0,499-641 516-526 516-527 562-575 508-513,499-641 508-513 553-575 581-633 564-709
202,z1,499-578 633-701 574-633 633-702 578-648,633-702 557-692 564-590 633-701 564-583
303,z0,499-641 581-633 575-701 564-575 633-704,499-641 581-633 575-701 564-575 473-565
303,z1,633-702 512-564 552-574 473-702 499-637,633-701 633-702 499-574 577-633 509-632
404,z0,499-641 564-580 581-633 564-575 562-575,499-641 575-701 564-575 581-633 473-565
404,z1,633-701 499-578 574-633 499-577 633-702,633-701 564-580 633-702 557-692 512-564
