gene,mutation,n_wt,n_mut,comment,delta_latent,sigma_wt_combined,delta_in_wt_sigmas,mahalanobis_sq,mahalanobis_sigma,perm_pvalue,boot_delta_median,boot_delta_2.5pct,boot_delta_97.5pct,significant_perm_p<0.05,significant_mahal_>3sigma
INSR,C981S,15,0,too few chains,,,,,,,,,,,
IGF1R,Y980S,52,0,too few chains,,,,,,,,,,,
IGF1R,E979G,52,0,too few chains,,,,,,,,,,,
SRC,T338G,25,1,,0.27144830619733396,0.24867507630365676,1.0915782563825127,1.5771564124331376,1.2558488812086976,0.34206579342065796,,,,False,False
GRK2,S670A,24,0,too few chains,,,,,,,,,,,
PRKACA,V123A,383,0,too few chains,,,,,,,,,,,
PRKACA,L173M,383,0,too few chains,,,,,,,,,,,
PRKACA,E230Q,383,2,,0.011363965195448283,0.04074531644541462,0.27890236686889586,0.4502539167604206,0.6710096249387341,0.23147685231476853,0.011564666791626184,0.00890283754370737,0.01398071171848663,False,False
PRKACA,Q181K,383,0,too few chains,,,,,,,,,,,
DAPK2,S308D,26,8,,0.016208587371809382,0.008351744533663753,1.940742716264452,10.162861429495743,3.1879243136397926,9.999000099990002e-05,0.016240647490938828,0.014166392408882778,0.01860192246575934,True,True
DAPK2,W305S,26,11,,0.008951382781180676,0.008351744533663753,1.0717979632997554,1.8105685444786404,1.3455736860085517,0.00019998000199980003,0.009014714996785002,0.006245522371027817,0.011881014344867434,True,False
DAPK2,S308A,26,11,,0.008951382781180676,0.008351744533663753,1.0717979632997554,1.8105685444786404,1.3455736860085517,0.00019998000199980003,0.009014714996785002,0.006245522371027817,0.011881014344867434,True,False
CDK2,T160P,512,2,,0.3551861812337633,0.39116910680462785,0.9080118420782229,0.921533275340775,0.9599652469442709,0.35706429357064295,0.3554054887750544,0.3215717804988219,0.38823680426044843,False,False
CDK2,Y15P,512,2,,0.3551861812337633,0.39116910680462785,0.9080118420782229,0.921533275340775,0.9599652469442709,0.35706429357064295,0.3554054887750544,0.3215717804988219,0.38823680426044843,False,False
ABL1,H396P,116,0,too few chains,,,,,,,,,,,
PRKACA,T183A,383,0,too few chains,,,,,,,,,,,
MAPK8,T183E,35,0,too few chains,,,,,,,,,,,
MAPK8,Y185E,35,0,too few chains,,,,,,,,,,,
MAPKAPK2,P38A,9,2,,0.08152998268575348,0.1480937760440781,0.5505294338736233,0.5023609013865478,0.7087742245500662,0.7485251474852515,0.08118010746810028,0.01360255061187583,0.17818341213923153,False,False
FGFR2,C491A,48,0,too few chains,,,,,,,,,,,
FGFR2,K659N,48,7,,0.12992639539111667,0.1618709246160074,0.8026543105213613,0.6974494512686136,0.835134391142296,0.0397960203979602,0.13309923340688196,0.06697789965959404,0.192489467690241,True,False
FGFR2,K526E,48,2,,0.08118319227089932,0.1618709246160074,0.5015304166791119,0.27430389806789274,0.5237402963949717,0.49645035496450357,0.08208548489635265,0.035735324468144036,0.12231103803644211,False,False
PRKACA,V104T,383,0,too few chains,,,,,,,,,,,
EPHB4,Y774E,5,2,,0.09487547005581866,0.20309447932225416,0.46714942903631473,0.5878479250724848,0.7667124135374912,0.5813418658134186,0.09459426644366739,0.005645027299719165,0.27150015642945396,False,False
MARK2,T208E,4,6,,0.8321080054895454,0.006616371350570489,125.7650094591196,84498.98843140477,290.6870971188862,0.0057994200579942,0.8319067370757558,0.823285656703991,0.841773217629626,True,True
MARK2,K82R,4,6,,0.8321080054895454,0.006616371350570489,125.7650094591196,84498.98843140477,290.6870971188862,0.0057994200579942,0.8319067370757558,0.823285656703991,0.841773217629626,True,True
JAK2,K943A,158,0,too few chains,,,,,,,,,,,
JAK2,K945A,158,4,,0.017082357143930495,0.040865726824933044,0.4180118272974944,0.45865735561371135,0.6772424644200269,0.3491650834916508,0.019511742019946945,0.004899400319156179,0.04541440178246359,False,False
MAPK9,K251A,2,0,too few chains,,,,,,,,,,,
MAPK9,K250A,2,0,too few chains,,,,,,,,,,,
MAP2K1,S298N,88,0,too few chains,,,,,,,,,,,
MAP2K1,S299K,88,0,too few chains,,,,,,,,,,,
MAP2K1,Y300F,88,0,too few chains,,,,,,,,,,,
MARK3,T211A,8,2,,0.47608889722795816,0.3702684378445606,1.285793895908085,2.4275561373077146,1.558061660303505,0.08759124087591241,0.4806011819842677,0.2712990666697057,0.6932393290524087,False,False
MARK3,S215A,8,2,,0.47608889722795816,0.3702684378445606,1.285793895908085,2.4275561373077146,1.558061660303505,0.08759124087591241,0.4806011819842677,0.2712990666697057,0.6932393290524087,False,False
MAPK11,C162S,1,2,too few chains,,,,,,,,,,,
MAPK14,P38A,156,2,,0.11188735375006989,0.2349880604331151,0.47614059005315507,0.3332945891961855,0.577316714807553,0.3608639136086391,0.11234479934478744,0.08309582214950358,0.14361644951621558,False,False
DAPK1,Q23V,59,0,too few chains,,,,,,,,,,,
CHEK2,K249R,34,0,too few chains,,,,,,,,,,,
CAMKII,D135N,8,0,too few chains,,,,,,,,,,,
IGF1R,E1097A,52,0,too few chains,,,,,,,,,,,
IGF1R,E1099A,52,0,too few chains,,,,,,,,,,,
ACVR1,Q207D,49,4,,0.02713384824004998,0.08360023191577055,0.32456666229572245,0.13704329215607314,0.3701935874053914,0.44765523447655237,0.02685115038644649,0.01141801562895933,0.05280361066738053,False,False
MAPK9,Q14E,2,0,too few chains,,,,,,,,,,,
MAPK9,K203A,2,0,too few chains,,,,,,,,,,,
MAPK9,C6V,2,0,too few chains,,,,,,,,,,,
MAPK9,D3K,2,0,too few chains,,,,,,,,,,,
MAPK9,S8N,2,0,too few chains,,,,,,,,,,,
MAPK9,E204A,2,0,too few chains,,,,,,,,,,,
TYK2,D1023N,22,0,too few chains,,,,,,,,,,,
PDPK1,T148C,35,0,too few chains,,,,,,,,,,,
PAK1,D389N,35,0,too few chains,,,,,,,,,,,
AKT1,S473D,25,0,too few chains,,,,,,,,,,,
PDPK1,Y288G,35,0,too few chains,,,,,,,,,,,
PDPK1,Q292A,35,0,too few chains,,,,,,,,,,,
PLK1,T210V,22,0,too few chains,,,,,,,,,,,
FGFR1,C584S,71,1,,0.03744928209954556,0.1801659835789691,0.20785989316973952,1.1881851700081327,1.0900390681109244,0.8171182881711829,,,,False,False
KDR,E990V,15,0,too few chains,,,,,,,,,,,
MAP2K1,S218E,88,0,too few chains,,,,,,,,,,,
MAP2K1,G328A,88,0,too few chains,,,,,,,,,,,
MAP2K1,S222E,88,0,too few chains,,,,,,,,,,,
JAK2,D976N,158,0,too few chains,,,,,,,,,,,
MAP3K5,T838E,32,2,,0.1783195052925434,0.1372030049241101,1.299676383845789,2.413753868840044,1.5536260389295888,0.07079292070792921,0.17789849924787116,0.13546893159853426,0.22494600848430318,False,False
PRKACA,M120L,383,0,too few chains,,,,,,,,,,,
PRKACA,F54Y,383,0,too few chains,,,,,,,,,,,
PRKACA,V123L,383,0,too few chains,,,,,,,,,,,
MELK,S171A,6,0,too few chains,,,,,,,,,,,
MELK,V214A,6,0,too few chains,,,,,,,,,,,
MELK,K219A,6,0,too few chains,,,,,,,,,,,
MELK,M215A,6,0,too few chains,,,,,,,,,,,
MELK,Y218V,6,0,too few chains,,,,,,,,,,,
MELK,N213T,6,0,too few chains,,,,,,,,,,,
MELK,T167A,6,0,too few chains,,,,,,,,,,,
CDK2,K89D,512,4,,0.36207532857436364,0.39116910680462785,0.9256235277168877,0.9172638654523512,0.9577389338709955,0.0547945205479452,0.3620570967567157,0.3285930059820247,0.39530331419690806,False,False
CDK2,Q131E,512,2,,0.36688431708932134,0.39116910680462785,0.9379174139959991,0.964897529796345,0.9822919778743716,0.19858014198580143,0.36704489573933385,0.3343592947909835,0.39919756178373184,False,False
CDK2,H84S,512,2,,0.35729964168663036,0.39116910680462785,0.9134147750197619,0.8762009367617895,0.9360560542840314,0.34496550344965504,0.3574381386028319,0.32249892093462984,0.39140522126748206,False,False
CDK2,Q85M,512,2,,0.35729964168663036,0.39116910680462785,0.9134147750197619,0.8762009367617895,0.9360560542840314,0.34496550344965504,0.3574381386028319,0.32249892093462984,0.39140522126748206,False,False
FGFR1,C488A,71,1,,0.03744928209954556,0.1801659835789691,0.20785989316973952,1.1881851700081327,1.0900390681109244,0.8171182881711829,,,,False,False
TYK2,E971A,22,0,too few chains,,,,,,,,,,,
TYK2,C936A,22,0,too few chains,,,,,,,,,,,
TYK2,C1142A,22,0,too few chains,,,,,,,,,,,
TYK2,K972A,22,0,too few chains,,,,,,,,,,,
TYK2,Q969A,22,0,too few chains,,,,,,,,,,,
JAK3,C1040S,63,0,too few chains,,,,,,,,,,,
JAK3,C1048S,63,0,too few chains,,,,,,,,,,,
RIPK1,C233A,5,1,,0.022634199479862026,0.031950446709819814,0.7084157440874063,2.448930464631379,1.5649058964140237,0.49845015498450157,,,,False,False
RIPK1,C240A,5,1,,0.022634199479862026,0.031950446709819814,0.7084157440874063,2.448930464631379,1.5649058964140237,0.49845015498450157,,,,False,False
RIPK1,C127A,5,1,,0.022634199479862026,0.031950446709819814,0.7084157440874063,2.448930464631379,1.5649058964140237,0.49845015498450157,,,,False,False
RIPK1,C34A,5,1,,0.022634199479862026,0.031950446709819814,0.7084157440874063,2.448930464631379,1.5649058964140237,0.49845015498450157,,,,False,False
FGFR2,K659M,48,2,,0.14770218989142803,0.1618709246160074,0.9124689331441661,1.462667075905575,1.2094077376573937,0.1578842115788421,0.14692353724119084,0.10743388981097209,0.19270234366389175,False,False
STK3,D146N,8,0,too few chains,,,,,,,,,,,
PAK1,E503D,35,0,too few chains,,,,,,,,,,,
PAK1,T423E,35,0,too few chains,,,,,,,,,,,
TYK2,A1016S,22,0,too few chains,,,,,,,,,,,
WNK1,S382A,9,0,too few chains,,,,,,,,,,,
JAK3,D949A,63,0,too few chains,,,,,,,,,,,
FGFR4,R664E,21,0,too few chains,,,,,,,,,,,
FGFR4,V550L,21,2,,0.03856622852489856,0.11800564693450843,0.3268168051847748,0.1217989473626568,0.3489970592464309,0.7015298470152985,0.03726380415118029,0.005222045786102144,0.09775808842861412,False,False
FGFR4,C477A,21,0,too few chains,,,,,,,,,,,
JAK3,C811S,63,0,too few chains,,,,,,,,,,,
BRAF,L706S,52,0,too few chains,,,,,,,,,,,
BRAF,Y673S,52,0,too few chains,,,,,,,,,,,
BRAF,K630S,52,0,too few chains,,,,,,,,,,,
BRAF,A688R,52,0,too few chains,,,,,,,,,,,
BRAF,Q562R,52,0,too few chains,,,,,,,,,,,
BRAF,I551K,52,0,too few chains,,,,,,,,,,,
BRAF,L588N,52,0,too few chains,,,,,,,,,,,
BRAF,I544S,52,0,too few chains,,,,,,,,,,,
BRAF,F667E,52,0,too few chains,,,,,,,,,,,
BRAF,S720E,52,0,too few chains,,,,,,,,,,,
BRAF,K723G,52,0,too few chains,,,,,,,,,,,
BRAF,Q709R,52,0,too few chains,,,,,,,,,,,
BRAF,S713E,52,0,too few chains,,,,,,,,,,,
BRAF,P722S,52,0,too few chains,,,,,,,,,,,
BRAF,L716E,52,0,too few chains,,,,,,,,,,,
BRAF,I543A,52,0,too few chains,,,,,,,,,,,
MAPK1,R65S,207,3,,0.05668241810041725,0.12307726959154096,0.46054335043774003,0.27982229851371754,0.5289823234416416,0.49055094490550943,0.05644747293248141,0.04050442739783225,0.07408025995846883,False,False
ABL1,T315I,116,2,,0.28435015498080846,0.357768260376587,0.7947886564378333,0.9584041537883875,0.9789811815292404,0.41655834416558346,0.28472884613937777,0.2232397664468145,0.3499760081510508,False,False
IRAK4,D311N,208,0,too few chains,,,,,,,,,,,
BMP2K,K320A,5,0,too few chains,,,,,,,,,,,
BMP2K,K321A,5,0,too few chains,,,,,,,,,,,
BTK,L542M,102,0,too few chains,,,,,,,,,,,
BTK,Y617P,102,0,too few chains,,,,,,,,,,,
BTK,S543T,102,0,too few chains,,,,,,,,,,,
BTK,V555T,102,0,too few chains,,,,,,,,,,,
BTK,S564A,102,0,too few chains,,,,,,,,,,,
BTK,R562K,102,0,too few chains,,,,,,,,,,,
BTK,P565S,102,0,too few chains,,,,,,,,,,,
BTK,S557T,102,0,too few chains,,,,,,,,,,,
BTK,Y545F,102,0,too few chains,,,,,,,,,,,
TGFBR1,T204D,49,4,,0.013476115832255152,0.03235388038330742,0.41652239770312016,0.30928199504954834,0.5561312750147651,0.4754524547545245,0.014767921778590836,0.007006798087282329,0.023061537612556738,False,False
FGFR1,R675G,71,0,too few chains,,,,,,,,,,,
HCK,Q528E,7,0,too few chains,,,,,,,,,,,
HCK,Q529E,7,0,too few chains,,,,,,,,,,,
HCK,Q530I,7,0,too few chains,,,,,,,,,,,
MAPK14,C162S,156,1,,0.08038674001623447,0.2349880604331151,0.3420886144941608,0.22880362748662506,0.47833422152991006,0.9246075392460754,,,,False,False
CDK2,F80C,512,2,,0.42528859797057417,0.39116910680462785,1.08722440134565,2.612566434548174,1.6163435385301523,0.12308769123087691,0.42593727207767373,0.37902432048942547,0.5240519566980962,False,False
CDK2,C177A,512,1,,0.5031437609323499,0.39116910680462785,1.2862563842078882,2.4200964200905717,1.5556659088925784,0.14588541145885411,,,,False,False
JAK2,I1126V,158,0,too few chains,,,,,,,,,,,
JAK2,F1076T,158,0,too few chains,,,,,,,,,,,
JAK2,M1073S,158,0,too few chains,,,,,,,,,,,
FGFR2,D650V,48,2,,0.12550676982382974,0.1618709246160074,0.7753509169207425,5.51700283599439,2.348830099431287,0.2712728727127287,0.12560407917112504,0.10076575970053663,0.16078977983518605,False,False
FGFR2,E565A,48,2,,0.12295765538406424,0.1618709246160074,0.7596030953412183,5.412969985564183,2.3265790305863634,0.27777222277772223,0.12295897974810141,0.09904988932396568,0.15726064907458773,False,False
MAP2K1,T292A,88,0,too few chains,,,,,,,,,,,
MAP2K1,S298A,88,0,too few chains,,,,,,,,,,,
MAP2K1,S218D,88,2,,0.22842983780049342,0.2045840309549108,1.1165575178780114,10.659817825335969,3.2649376449384095,0.09119088091190881,0.2278058333454745,0.2043914294552115,0.26111787020710414,False,True
MAP2K1,S222D,88,2,,0.22842983780049342,0.2045840309549108,1.1165575178780114,10.659817825335969,3.2649376449384095,0.09119088091190881,0.2278058333454745,0.2043914294552115,0.26111787020710414,False,True
FGFR2,A628T,48,0,too few chains,,,,,,,,,,,
KIT,M651E,37,0,too few chains,,,,,,,,,,,
KIT,D768H,37,0,too few chains,,,,,,,,,,,
KIT,C844S,37,0,too few chains,,,,,,,,,,,
KIT,H894Y,37,0,too few chains,,,,,,,,,,,
KIT,V569S,37,0,too few chains,,,,,,,,,,,
KIT,R804N,37,0,too few chains,,,,,,,,,,,
KIT,L890S,37,0,too few chains,,,,,,,,,,,
KIT,Y609Q,37,0,too few chains,,,,,,,,,,,
KIT,L631S,37,0,too few chains,,,,,,,,,,,
KIT,I662H,37,0,too few chains,,,,,,,,,,,
KIT,I563S,37,0,too few chains,,,,,,,,,,,
KIT,V825D,37,0,too few chains,,,,,,,,,,,
KIT,L923D,37,0,too few chains,,,,,,,,,,,
KIT,L912D,37,0,too few chains,,,,,,,,,,,
PRKACA,K2879A,383,3,,0.005577186094165329,0.04074531644541462,0.13687919448697697,0.08964065998513374,0.29940050097675813,0.6605339466053395,0.006255681350388079,0.0027958107157594254,0.00977552774607999,False,False
PRKACA,S2813D,383,3,,0.005577186094165329,0.04074531644541462,0.13687919448697697,0.08964065998513374,0.29940050097675813,0.6605339466053395,0.006255681350388079,0.0027958107157594254,0.00977552774607999,False,False
CSF1R,C907T,16,0,too few chains,,,,,,,,,,,
CSF1R,C667T,16,0,too few chains,,,,,,,,,,,
CSF1R,C830S,16,0,too few chains,,,,,,,,,,,
MAP4K1,T165E,49,2,,0.27872231003678144,0.35740223946935384,0.7798560816255911,0.6913033118384159,0.8314465177258341,0.15998400159984003,0.2780153400525482,0.15564832516865612,0.4136150310152273,False,False
MAP4K1,S171E,49,2,,0.27872231003678144,0.35740223946935384,0.7798560816255911,0.6913033118384159,0.8314465177258341,0.15998400159984003,0.2780153400525482,0.15564832516865612,0.4136150310152273,False,False
MAP2K1,S222A,88,0,too few chains,,,,,,,,,,,
MAP2K1,S218A,88,0,too few chains,,,,,,,,,,,
BRAF,S365A,52,0,too few chains,,,,,,,,,,,
DAPK1,S289E,59,2,,0.02834121972506505,0.06600836097552784,0.4293580283802588,0.5393550317385377,0.7344079464020917,0.9378062193780622,0.02829906621667158,0.013957899554774963,0.04483491179718778,False,False
CDK2,M246Q,512,2,,0.35776335194971937,0.39116910680462785,0.9146002220681675,0.8869961810634525,0.9418047467832451,0.34006599340065996,0.35791014477560656,0.32218491682070627,0.39265283557972386,False,False
MAPKAPK2,T334E,9,0,too few chains,,,,,,,,,,,
MAPKAPK2,T222E,9,0,too few chains,,,,,,,,,,,
FGFR2,Y588F,48,0,too few chains,,,,,,,,,,,
FGFR2,Y561F,48,0,too few chains,,,,,,,,,,,
FGFR2,Y608F,48,0,too few chains,,,,,,,,,,,
FGFR2,Y733F,48,0,too few chains,,,,,,,,,,,
FGFR2,Y566F,48,0,too few chains,,,,,,,,,,,
FGFR2,Y657F,48,0,too few chains,,,,,,,,,,,
FGFR2,Y586F,48,0,too few chains,,,,,,,,,,,
FGFR2,Y466F,48,0,too few chains,,,,,,,,,,,
FGFR2,Y575F,48,0,too few chains,,,,,,,,,,,
FGFR2,Y616F,48,0,too few chains,,,,,,,,,,,
BRAF,V600E,52,2,,0.4585867289791708,0.3544623573901164,1.2937529738156557,2.0289023170632485,1.4243954215958603,0.0380961903809619,0.4570747233272493,0.22152777286371542,0.8492678720916416,True,False
PRP4K,L715F,13,2,,0.3982805245484134,0.023916257951648954,16.65312881946706,681.1046420979524,26.097981571339044,0.0023997600239976003,0.398611767098376,0.27495125102020185,0.5787092920917569,True,True
CAMK2A,Q223K,38,0,too few chains,,,,,,,,,,,
JAK1,V657F,80,0,too few chains,,,,,,,,,,,
BTK,K430R,102,0,too few chains,,,,,,,,,,,
IKBKB,S117E,7,3,,0.08143967394018241,0.10801879690424167,0.7539398352342179,25.39733482757533,5.039576850051533,0.3605639436056394,0.1003329919649084,0.02982799800397261,0.16301049250111915,False,True
IKBKB,S181E,7,3,,0.08143967394018241,0.10801879690424167,0.7539398352342179,25.39733482757533,5.039576850051533,0.3605639436056394,0.1003329919649084,0.02982799800397261,0.16301049250111915,False,True
IKBKB,S177E,7,0,too few chains,,,,,,,,,,,
KIT,T670I,37,2,,0.518152600655639,0.3871501116688744,1.3383764721700755,5.53152340388965,2.3519190895712483,0.07999200079992001,0.5206398249435654,0.3904687626762814,0.6369337106708826,False,False
CDK7,T170E,43,0,too few chains,,,,,,,,,,,
CDK7,W132R,43,0,too few chains,,,,,,,,,,,
CDK7,S164D,43,0,too few chains,,,,,,,,,,,
FGFR3,P572S,6,0,too few chains,,,,,,,,,,,
FGFR3,P573G,6,0,too few chains,,,,,,,,,,,
FGFR3,V555M,6,2,,0.5367206506221511,0.21190076939556043,2.532886747665561,60.25514189705575,7.762418559769613,0.0390960903909609,0.5399377269362649,0.4198638668679221,0.6601095855837918,True,True
MARK3,L72R,8,0,too few chains,,,,,,,,,,,
MARK3,A146E,8,0,too few chains,,,,,,,,,,,
MARK3,I62L,8,0,too few chains,,,,,,,,,,,
MARK3,G137K,8,0,too few chains,,,,,,,,,,,
MARK3,V116I,8,0,too few chains,,,,,,,,,,,
MARK3,F141Y,8,0,too few chains,,,,,,,,,,,
CAMK2D,D364C,13,0,too few chains,,,,,,,,,,,
MAPK1,T188E,207,2,,0.05959801997526361,0.12307726959154096,0.48423254897555634,0.36942017689339685,0.607799454502385,0.42475752424757524,0.05964126736464197,0.043148854996842026,0.07748804710222751,False,False
MAPK1,T188A,207,2,,0.051604901425643404,0.12307726959154096,0.4192886436049942,0.2641753508604193,0.513979912895844,0.7637236276372362,0.05162477319543474,0.035006149632299983,0.06942778311712584,False,False
MAPK1,T188D,207,2,,0.05265178984223336,0.12307726959154096,0.4277945880418856,0.250038962823763,0.5000389613057796,0.7346265373462654,0.05241936957306747,0.03738099376112172,0.06827156623140296,False,False
GRK5,D311N,7,5,,0.013773592173065967,0.008512652442561199,1.6180141578670997,8.060795677028523,2.8391540424972583,0.0040995900409959,0.014054423852836683,0.00946001943192998,0.018757778035146846,True,False
AURKA,C290A,57,2,,0.4060504972871463,0.38913402717399836,1.0434720917006415,1.2164935720338328,1.102947674204825,0.18738126187381263,0.4097670766240628,0.043728323985613944,0.967407724224106,False,False
AURKA,C393A,57,2,,0.4060504972871463,0.38913402717399836,1.0434720917006415,1.2164935720338328,1.102947674204825,0.18738126187381263,0.4097670766240628,0.043728323985613944,0.967407724224106,False,False
GRK1,T489E,24,3,,0.043803946678346986,0.0255459190929765,1.714714061330848,6.2136403635273165,2.492717465644134,0.011898810118988102,0.04460780954856063,0.035251119448896855,0.05372753227992976,True,False
GRK1,S488E,24,3,,0.043803946678346986,0.0255459190929765,1.714714061330848,6.2136403635273165,2.492717465644134,0.011898810118988102,0.04460780954856063,0.035251119448896855,0.05372753227992976,True,False
GRK1,S5E,24,0,too few chains,,,,,,,,,,,
EGFR,L858R,51,25,,0.0620737646399056,0.14651017386285772,0.4236822809179815,1.7265783634257919,1.3139932889576689,0.07289271072892711,0.06457317273900673,0.0228774531306902,0.12947127260617994,False,False
AURKBA,G96V,14,0,too few chains,,,,,,,,,,,
EGFR,K867A,51,0,too few chains,,,,,,,,,,,
EGFR,E865A,51,0,too few chains,,,,,,,,,,,
EGFR,E866A,51,0,too few chains,,,,,,,,,,,
EGFR,V948R,51,39,,0.3270804206695354,0.14651017386285772,2.2324758209331064,15.373732683908173,3.920935179763646,9.999000099990002e-05,0.32913609810602884,0.22785298799862025,0.42445890313162826,True,True
EGFR,V951R,51,0,too few chains,,,,,,,,,,,
EGFR,T790M,51,64,,0.2015128159457478,0.14651017386285772,1.37541858447575,5.603987978561394,2.367274377540845,9.999000099990002e-05,0.2018794182888451,0.12327838025721684,0.2809783402323534,True,False
EGFR,C797S,51,12,,0.043595634959074314,0.14651017386285772,0.29756046156823507,0.6533520860921722,0.8083019770433401,0.35356464353564643,0.05127633790231581,0.026728530887838796,0.0926503401670391,False,False
EGFR,G719S,51,5,,0.059867709325949287,0.14651017386285772,0.4086249285458431,0.1818225714623886,0.42640657999424514,0.3782621737826217,0.059049333932767276,0.02476237901677743,0.10197824486122523,False,False
EGFR,V924R,51,0,too few chains,,,,,,,,,,,
BTK,K625A,102,0,too few chains,,,,,,,,,,,
BTK,M489A,102,0,too few chains,,,,,,,,,,,
BTK,E624A,102,0,too few chains,,,,,,,,,,,
BTK,R492A,102,0,too few chains,,,,,,,,,,,
AURKA,T287D,57,0,too few chains,,,,,,,,,,,
CDK7,D97N,43,3,,0.10312367234246457,0.2219117173416728,0.4647058459904901,1.9758965183121016,1.405665862967477,0.2538746125387461,0.10206689812309219,0.06433765873583876,0.16674423378031755,False,False
RET,V804M,8,3,,0.03342128442212217,0.11403291920190835,0.29308452906433063,0.12071213504225288,0.3474365194424053,0.946005399460054,0.05262278954027319,0.0065944530640143694,0.14699345533448424,False,False
EGFR,F973A,51,0,too few chains,,,,,,,,,,,
EGFR,L977A,51,0,too few chains,,,,,,,,,,,
EGFR,E909G,51,2,,0.0932764997914437,0.14651017386285772,0.6366554440018348,3.9375194829342055,1.9843183925303434,0.19038096190380963,0.09276312189311817,0.019730781556870858,0.17609185749177142,False,False
EGFR,Q790R,51,2,,0.0892597830665913,0.14651017386285772,0.6092394863318078,3.2280833546457948,1.7966867714339623,0.20567943205679431,0.08908947781761689,0.032105785634542,0.17799472256327847,False,False
CDK12,K965R,19,0,too few chains,,,,,,,,,,,
FGFR2,N549D,48,0,too few chains,,,,,,,,,,,
FGFR2,N549K,48,0,too few chains,,,,,,,,,,,
BRI1,T872A,2,0,too few chains,,,,,,,,,,,
ERBB2,M706A,2,0,too few chains,,,,,,,,,,,
ERBB2,M712L,2,0,too few chains,,,,,,,,,,,
ERBB2,Q711L,2,0,too few chains,,,,,,,,,,,
RAF1,D587E,2,0,too few chains,,,,,,,,,,,
RAF1,Q156R,2,0,too few chains,,,,,,,,,,,
RAF1,Y340D,2,2,too few chains,,,,,,,,,,,
RAF1,Y341D,2,2,too few chains,,,,,,,,,,,
AURKA,T287A,57,0,too few chains,,,,,,,,,,,
AURKA,T288A,57,0,too few chains,,,,,,,,,,,
AURKA,T288D,57,0,too few chains,,,,,,,,,,,
AURKA,T217E,57,0,too few chains,,,,,,,,,,,
AURKA,R220K,57,0,too few chains,,,,,,,,,,,
AURKA,L215R,57,0,too few chains,,,,,,,,,,,
PLK1,K225D,22,0,too few chains,,,,,,,,,,,
PLK1,K226A,22,0,too few chains,,,,,,,,,,,
MAP2K1,Y340D,88,2,,0.05469022747180941,0.2045840309549108,0.26732402923404536,0.20749123181220328,0.45551205451909094,0.6173382661733826,0.054011212692077544,0.024510563071215387,0.09843599153344619,False,False
MAP2K1,Y341D,88,2,,0.05469022747180941,0.2045840309549108,0.26732402923404536,0.20749123181220328,0.45551205451909094,0.6173382661733826,0.054011212692077544,0.024510563071215387,0.09843599153344619,False,False
PIM1,R250G,118,7,,0.0074829474579949816,0.009580909269310807,0.7810268574365969,0.8804726548034671,0.9383350440026564,0.031996800319968,0.008030609033725593,0.002751266358096306,0.012509922835723894,True,False
MAPK1,T185V,207,0,too few chains,,,,,,,,,,,
NTRK1,G595R,39,2,,0.010108991324955584,0.08053857691844746,0.12551738200181817,0.031326287084763975,0.17699233623172494,0.97000299970003,0.04286809528333117,0.0031671871407548875,0.09423325333295676,False,False
PAK2,K278R,0,3,too few chains,,,,,,,,,,,
ALK,L1196M,18,4,,0.014483134450270486,0.047843083873282774,0.30272159061967086,0.38099204153324223,0.6172455277547519,0.5917408259174083,0.016612164178347606,0.004567431834681911,0.03493971700782566,False,False
ALK,G1269A,18,3,,0.005289142243330661,0.047843083873282774,0.11055186696032152,0.051550586935868045,0.22704754333810362,0.9258074192580742,0.010419500976487098,0.0018646569454404446,0.029185415581326906,False,False
EGFR,K799E,51,0,too few chains,,,,,,,,,,,
AURKA,M302L,57,0,too few chains,,,,,,,,,,,
AURKA,N186G,57,0,too few chains,,,,,,,,,,,
AURKA,K240R,57,0,too few chains,,,,,,,,,,,
PAK2,D368N,0,3,too few chains,,,,,,,,,,,
ALK,C1156Y,18,4,,0.014605119206014427,0.047843083873282774,0.3052712748345729,0.13896585066284173,0.37278123700481725,0.6053394660533946,0.018393356339095356,0.0022401144367182363,0.04946919671300798,False,False
ALK,L1198F,18,4,,0.026141150990620265,0.047843083873282774,0.5463935196957148,0.5310320807274881,0.7287194801344946,0.29057094290570945,0.02701635376254634,0.007326538730801082,0.0494530561275797,False,False
RIPK2,K47R,0,4,too few chains,,,,,,,,,,,
ALK,C1097S,18,0,too few chains,,,,,,,,,,,
MET,D1228V,45,8,,0.22510138076602607,0.32070638090355236,0.7018924292426908,0.9510396594792987,0.9752126227030179,0.031996800319968,0.22961215370805302,0.13053794628392393,0.3397679273483881,True,False
MET,Y1194F,45,0,too few chains,,,,,,,,,,,
MET,Y1235D,45,2,,0.19544361171225708,0.32070638090355236,0.6094160370667331,0.8305993909601473,0.9113722570718001,0.38096190380961903,0.19819865948981674,0.11306520387602279,0.2799384357290933,False,False
MET,Y1234F,45,0,too few chains,,,,,,,,,,,
ALK,S1281G,18,0,too few chains,,,,,,,,,,,
AURKA,C393S,57,0,too few chains,,,,,,,,,,,
AURKA,K124A,57,0,too few chains,,,,,,,,,,,
AURKA,C247V,57,2,,0.4416905102715311,0.38913402717399836,1.135060106357732,1.404105268979988,1.184949479505345,0.1566843315668433,0.44525166991220566,0.30137800977516405,0.8053702733831684,False,False
AURKA,C319V,57,2,,0.4416905102715311,0.38913402717399836,1.135060106357732,1.404105268979988,1.184949479505345,0.1566843315668433,0.44525166991220566,0.30137800977516405,0.8053702733831684,False,False
